id;first_name;last_name;email;id_number
1;Ricardo;Kutch;Consuelo75@gmail.com;GB Rand
2;Fredrick;Hansen;Trenton17@yahoo.com;Frozen next
3;Isaias;Shields;Willis_Mueller38@gmail.com;Avon connect Shoes
4;Dannie;Wolf;Bernice_Herman28@yahoo.com;Intranet virtual
5;Nickolas;Little;Kian32@hotmail.com;distributed
6;Alexandre;Borer;Shana55@hotmail.com;parsing bypassing
7;Rosetta;Abernathy;Hanna_Waters@yahoo.com;Accounts Electronics virtual
8;Ofelia;Schaefer;Molly44@yahoo.com;synthesizing
9;Dovie;Fritsch;River.Murazik89@gmail.com;mindshare driver Chief
10;Leon;Cole;Lillie.Konopelski39@gmail.com;Streets group deposit
